,CROSS VAL RMSE MEAN,CROSS VAL RMSE STD,RMSE MEAN / Y MEAN
LinearRegression,69204.32275494763,2372.070791055922,0.33431180397726445
RandomForestRegressor,49398.71597811835,2006.0636779115546,0.23863500422196657
SVR,118578.47060593749,2606.9351692400087,0.57282812464633
